Tweet_content,Sentiment Score
rt sruhle there are some very large trump donors who sit on hospital boards,1
how do‚Ä¶,0
rt _lauryncalo22 all my people in the valley/la,0
mike_pence realdonaldtrump and you could have covid too 5 ppl around your staff tested positive jesus wh might a‚Ä¶ https//tco/ae9ilv1zkt,1
rt betoorourke just got off the phone w a woman whose dad amp mom have covid and are at providence hospital in el paso her dad is a korea‚Ä¶,1
rt wilfredchan shouldn't have to keep saying this mask up they protect others from you,1
rt jaefans_global jaejoong was spotted at the funeral hall of seoul samsung hospital on 10/25,0
https//tco/pqo1bp3an4,0
kim jaejoong wh‚Ä¶,0
rt dynamit_twt hey army,0
rt campbellcourier blanchfield army community hospital‚Äôs perinatal bereavement nurses and chaplain hosted footprints on the heart,-1
record low and we are in lockdown what an absolute shambles,-1
rt tigressellie over a thousand people a day admitted to hospital with covid19 the last week or so this will build as it takes time eve‚Ä¶,0
we simply do not have the hospital capacity to sustain this,0
rt bucksexton people are dying because of shut downs- in this case,-1
but sure,0
"rt thevyraltrendz ‚Äîvictim of lekki toll gate shooting been treated ""for free"" for 4 days",-1
and he tell the truth when she in the hospital üò≠üò≠,0
rt bmj_latest the world is waiting on a vaccine for covid-19 yet none of the current phase iii trials are designed to detect a reduction‚Ä¶,0
rt chidiodinkalu folorunsho olabisi was listed missing following the lekkimassacre ,0
his body was found by his relatives at the mortuar‚Ä¶,0
rt _lauryncalo22 all my people in the valley/la,0
rt basford_h mike_pence realdonaldtrump the university of washington‚Äôs institute for health metrics and evaluation released this week a‚Ä¶,0
rt gthomsonink imagine if we had no speed limits on highways except ‚Äúcommon sense + ‚Äúpersonal responsibility‚Äù and the government said we‚Ä¶,-1
rt chidiodinkalu folorunsho olabisi was listed missing following the lekkimassacre ,0
his body was found by his relatives at the mortuar‚Ä¶,0
megamaneee rock lee was a problem he made gaara want to kill him inna hospital üò≠,-2
rt _lauryncalo22 all my people in the valley/la,0
rt jeremyswallace new federal disaster teams are now also heading for el paso this week to deal with the surge in covid-19 hospitalizati‚Ä¶,-1
"angelrizoel ""yes",0
she says,0
rt _lauryncalo22 all my people in the valley/la,0
rt runforvaughan respected doug ford premier of province of ontario with his message at 17th annual virtual run for vaughan,1
thank you‚Ä¶,1
foodandfifa99 if he's hurt that bad i'd send him to the hospital for a full check over,-2
lnp hits miles with low-flying attack is this news  get your paper in order and do news not crap  again more shi‚Ä¶ https//tco/owhr4ua2va,-2
rt drericding new‚Äîtexas‚Äôs epidemic so bad now,-2
don't say you didn't know,0
rt andrear9md all those sciencey people being mean to the president,0
"rt berniesanders last night trump attacked medicare for all as ""socialized medicine"" funny i didn't hear him complain when he received‚Ä¶",-1
rt _lauryncalo22 all my people in the valley/la,0
dovidteitelbaum themishpacha realdonaldtrump tzedek_assoc satmarhq maggienyt scavino45 satmarnation‚Ä¶ https//tco/waq5bmwogv,0
rt bucksexton people are dying because of shut downs- in this case,-1
but sure,0
rt karenenglish06 breaking covid-19 outbreak at ulster hospital the south eastern hsc trust says ‚Äú a small number of staff and patients‚Ä¶,-1
justjolson1more itsjefftiedrich please be careful and stay safe i work in a hospital,2
rt _lauryncalo22 all my people in the valley/la,0
rt file411 here realdonaldtrump makes a disgusting and vile claim with absolutely zero facts to support,-1
‚Äúdoctors get more money and hos‚Ä¶,0
rt somtosocial i lay on my hospital bed for two days this week,0
rt riotwomennn thank you  finally  the american medical association tweets a message to americans ,1
physicians are not inflating the c‚Ä¶,0
rt chidiodinkalu folorunsho olabisi was listed missing following the lekkimassacre ,0
his body was found by his relatives at the mortuar‚Ä¶,0
rt markf0879 retweet the shit out of this endlockdown nolockdown factcheck thejournal_ie go on i dare you's,-1
drdayasharma neelajan deanrosario to expand on the airplane analogy planes exchange air amp purify it to a much h‚Ä¶ https//tco/vpzsfbysjr,1
rt stnicholas_ng st nicholas hospital facilities also,0
rt betoorourke just got off the phone w a woman whose dad amp mom have covid and are at providence hospital in el paso her dad is a korea‚Ä¶,1
rt washingtonpost texas tries to shore up hospital capacity in el paso as coronavirus cases surge nationwide https//tco/jumwbstvvb,0
rt lotusoak2 two uk girls left paralyzed after hpv jabs authorities still claim it's coincidence,-1
https//tco/b4knzonl3c https//tco‚Ä¶,0
rt gacpars please please please donate and share,0
rt martinbartlett this is among the scariest,-1
it didn‚Äôt have to be like this,1
it shouldn‚Äôt be this wa‚Ä¶,0
rt bucksexton people are dying because of shut downs- in this case,-1
but sure,0
michelle amp taker in the hospital after his surgery got me cracking up lol she knows what‚Äôs coming,0
rt wckitchen big turnout again in astoria,0
rt positivenai i started this business during covid and when my dad ended up in the hospital the night of father‚Äôs day my family has gon‚Ä¶,0
rt alexberenson lockdowns kill unnecessary media-driven panic kills,-4
rt aghamilton29 we knew this was coming delayed medical treatments and a reduction in preventative visits will lead to deaths there is‚Ä¶,0
rt realvictor__ kidon hospital bed will you visit me when i'm discharged,0
nurse no,0
rt chloebooker wowie,0
that it escaped box hill ho‚Ä¶,0
rt bucksexton people are dying because of shut downs- in this case,-1
but sure,0
rt runforvaughan respected doug ford premier of province of ontario with his message at 17th annual virtual run for vaughan,1
thank you‚Ä¶,1
dipdeity hugh_henne vinny_strokes pj_matlock wow pj_matlock story resonates 2018 i spent 2 months in hospita‚Ä¶ https//tco/iehitgnlaf,1
rt bucksexton people are dying because of shut downs- in this case,-1
but sure,0
rt _lauryncalo22 all my people in the valley/la,0
shooting at victoria park ave amp danforth ave lcbo parking lot victim rushed to hospital in critical condition‚Ä¶ https//tco/rsq3xzqqih,-1
rt ben_johns mps shouldn‚Äôt get expenses,0
rt _lauryncalo22 all my people in the valley/la,0
rt usmcliberal i wonder if the prolife maga crowd will start happily wearing facemasks ‚Äî now that there‚Äôs evidence covid19 endangers‚Ä¶,2
rt torontostar cancer surgeons in ontario are reporting a sharp rise in the number of people coming to hospital with advanced cancers it‚Ä¶,1
taylorgarms ashishkjha swatlashoover it‚Äôs not the doctors doing the billing it‚Äôs the hospital administrators th‚Ä¶ https//tco/hgpupq2em6,0
god will not let me see any condition that will make me get admitted to hospitalüòîüòîüôè,0
rt manuelfherrador ¬øa qu√© os suena ayuso traducida al ingl√©s,0
it's a great hospital it's gonna be the greatest hospital with more tha‚Ä¶,2
rt bnodesk australia's hardest-hit state,0
- new cases 0,0
- pos‚Ä¶,0
rt salemjakes 'new federal disaster teams are now also heading for el paso this week to deal with the surge in covid-19 hospitalizations‚Ä¶,-1
rt jonesthebosher winter is always tough for the nhs but this year will be even tougher if increasing numbers of patients with covid need‚Ä¶,2
rt _lauryncalo22 all my people in the valley/la,0
"rt ddale8 as the president says things are going ""beautifully"" and that we're just catching mild cases because we're doing so much testin‚Ä¶",0
rt raoult_didier we are shocked by the monstrous death rate in the soc group of the recovery trial,-2
41% in ventilated patients,0
25% in th‚Ä¶,0
rt bnodesk australia's hardest-hit state,0
- new cases 0,0
- pos‚Ä¶,0
thedigitaldash_ you like hospital food,1
despite a variety of suggestions by ethicists,1
rt avogroovy ‚Äúthe soldiers,0
rt temiokomi at this point in time,0
rt _lauryncalo22 all my people in the valley/la,0
dfisman check out the per capita numbers for mb vs ab we're neck and neck it's awful test positivity provincial‚Ä¶ https//tco/qrrxtf0q5n,-1
rt wilfredchan shouldn't have to keep saying this mask up they protect others from you,1
ordinarily this notification doesn‚Äôt bother me as we don‚Äôt leave the house however as we were in dublin at the hosp‚Ä¶ https//tco/vfkcoi3ykf,-1
rt _lauryncalo22 all my people in the valley/la,0
wait,0
rt ktsmcelina ‚ÄºÔ∏èbreaking the el paso convention center to be turned into a auxiliary hospital during the ongoing covid-19 crisis ,-1
acco‚Ä¶,0
markdice seen that in hospital stats for awhile just like it‚Äôs funny how cases are riding so high just before the election,0
rt rosaltmann excellent and important campaign women should not be frightened away from attending important maternity appointments,3
in 1729 when jonathan swift suggested the irish eat their children lest they be a burden to society it was clearly‚Ä¶ https//tco/krexw4gruz,0
rt temiokomi if this story is true,0
my friends mum just died in the car cuz the hospital rejected herüíî,-2
nothing works here,1
who is he,0
rt repbarbaralee what we could pay for over the next year if we cut the military budget by 10% ,0
‚úÖ 684,0
‚úÖ 820,0
rt _lauryncalo22 all my people in the valley/la,0
t9ler come cuddle in the hospital bed w me https//tco/bfa5n1pcck,0
rt abc7breaking breaking update federal government sending aid due to virus surge as el paso convention center to be converted into mak‚Ä¶,-2
rt ruthhen05786097 douglas ross doesn't want you to know he was part of uk gov at height of the pandemic who presided over thisüëá,0
hospita‚Ä¶,0
rt humandefenders1 yet another systematic murder in turkish prisons,-1
photos of deputy commissioner mustafa kabak√ßƒ±oƒülu in his final mome‚Ä¶,0
rt sruhle there are some very large trump donors who sit on hospital boards,1
how do‚Ä¶,0
rt farouq_yahaya why did the twitter bird go to the hospital,0
‚Äúhe had to get tweetment‚Äú,0
rt alexberenson lockdowns kill unnecessary media-driven panic kills,-4
k1moiko eri i had to go to the hospital,0
i just raised $5000 usd for my local children‚Äôs hospital through  extralife donate today amp help me reach my goal https//tco/7iacpk0jvz,0
rt nolafleurdelit i keep saying people who have had covid go about their lives like they can't get it again nowhere is that proven we h‚Ä¶,2
rt blooddonorsin srinagar,0
need blood type   o-negative,0
at  gb pant hospital ,0
blood component  blood,0
number of units  3,0
primary num‚Ä¶,0
rt dynamit_twt hey army,0
rt chidiodinkalu folorunsho olabisi was listed missing following the lekkimassacre ,0
his body was found by his relatives at the mortuar‚Ä¶,0
rt _lauryncalo22 all my people in the valley/la,0
rt fbcooper1 swatlashoover govtzombie nice story red states are bleeding  here texas sends hospital workers those who can be spared‚Ä¶,0
rt bnodesk france reports 52,0
- new cases 52,0
- positivity r‚Ä¶,0
i‚Äôm waiting for an appt at a public hospital in melb there are so many ways for the virus to restart it all comes‚Ä¶ https//tco/anebjbnq9z,-1
hospital is so peaceful it going home is the best park get me out of here üòÇ,2
rt sruhle there are some very large trump donors who sit on hospital boards,1
how do‚Ä¶,0
rt _lauryncalo22 all my people in the valley/la,0
rt rachelbaxendale ‚Äúif we don‚Äôt throw everything at healthcare and aged-care outbreaks amp protect our health workers optimally,1
rt ben_johns mps shouldn‚Äôt get expenses,0
i just raised $2500 usd for my local children‚Äôs hospital through  extralife donate today amp help me reach my goal https//tco/zxbeknwega,0
rt alexberenson lockdowns kill unnecessary media-driven panic kills,-4
rt bnodesk australia's hardest-hit state,0
- new cases 0,0
- pos‚Ä¶,0
rt patriotmarie danscavino billstepien presssec potus realdonaldtrump laraleatrump erictrump play dr fauci,0
rt cnni there were two thoughts pushing kolt codner forward in his first marathon race his 4-year-old son andrew's fight against cancer‚Ä¶,0
saxlikesaxophon baileysarian the only time i used to wear makeup was when i was working in the hospital so i woul‚Ä¶ https//tco/tkx9358jzh,0
leovaradkar yeah because you cancelled almost all outpatient appointments,0
"rt ddale8 as the president says things are going ""beautifully"" and that we're just catching mild cases because we're doing so much testin‚Ä¶",0
rt farouq_yahaya why did the twitter bird go to the hospital,0
‚Äúhe had to get tweetment‚Äú,0
rt gthomsonink imagine if we had no speed limits on highways except ‚Äúcommon sense + ‚Äúpersonal responsibility‚Äù and the government said we‚Ä¶,-1
"rt ddale8 as the president says things are going ""beautifully"" and that we're just catching mild cases because we're doing so much testin‚Ä¶",0
rt immoralishme my 90 year old granny was sick last week but got better and was sent home from the hospital she‚Äôs still sick and went ba‚Ä¶,-1
rt jamaicagleaner a motorist had to be cut from this car after crashing into a light pole along the west-bound lane of marcus garvey driv‚Ä¶,-1
rt crossriverwatch calabar remains of 117 year old psychiatric hospital after historic looting pictures,0
the medical director,0
rt milligazette this is the lovejihad which gives sleepless nights to the enemies of india we will keep promoting communal harmony you‚Ä¶,0
rt deeoneayekooto a protester who was treated free of charge in a hospital stole the phone of the nurse who treated her for 4 days on the‚Ä¶,0
body,0
kids who get a flu vaccine are much less likely to land in the hospital if they do catch the virus as flu season c‚Ä¶ https//tco/q8beu1ty27,-1
kids who get a flu vaccine are much less likely to land in the hospital if they do catch the virus as flu season c‚Ä¶ https//tco/wfcb6bacn2,-1
kids who get a flu vaccine are much less likely to land in the hospital if they do catch the virus as flu season c‚Ä¶ https//tco/yfyswh7qup,-1
rt mattbc we simply do not have the hospital capacity to sustain this https//tco/polksahcmj,0
rt martinbartlett this is among the scariest,-1
it didn‚Äôt have to be like this,1
it shouldn‚Äôt be this wa‚Ä¶,0
rt temiokomi at this point in time,0
rt washingtonpost texas tries to shore up hospital capacity in el paso as coronavirus cases surge nationwide https//tco/jumwbstvvb,0
"rt berniesanders last night trump attacked medicare for all as ""socialized medicine"" funny i didn't hear him complain when he received‚Ä¶",-1
rt ctvcalgary calgary's covid-19 field hospital hasn't seen a single patient with the illness yyc https//tco/t58azxvvww,0
rt sruhle there are some very large trump donors who sit on hospital boards,1
how do‚Ä¶,0
üò¢,0
dolly parton allegedly rushed to the hospital following a horrifying dizzy spell https//tco/a3vteihqlj,-2
rt leovaradkar hospital overcrowding is at a record low for this time of year and has been for months we have beds free in most hospital‚Ä¶,1
rt jaquetsmith6 i cannot comprehend that we are cancelling elective surgeries,0
rt _saveourstatues the 300 year old statue of sir robert clayton is grade 1 listed,0
rt killsibyl get help and work on your problems,0
"rt childrensla it's that time of the year send your cards and help kids like ethan feel some joy on halloween in his own words ""i cou‚Ä¶",2
rt bucksexton people are dying because of shut downs- in this case,-1
but sure,0
rt sruhle there are some very large trump donors who sit on hospital boards,1
how do‚Ä¶,0
georgetakei what are the hospital and death rates,-1
rt avogroovy ‚Äúthe soldiers,0
rt bucksexton people are dying because of shut downs- in this case,-1
but sure,0
rt bnodesk france reports 52,0
- new cases 52,0
- positivity r‚Ä¶,0
rt _lauryncalo22 all my people in the valley/la,0
rt stnicholas_ng st nicholas hospital fully identify with the current situation and our sympathy is with the victims of the unfortunate‚Ä¶,0
rt chidiodinkalu folorunsho olabisi was listed missing following the lekkimassacre ,0
his body was found by his relatives at the mortuar‚Ä¶,0
they keeping me here for another night but don‚Äôt worry y‚Äôall this hospital can‚Äôt hold me üï∫üèæüï∫üèæ,-1
kingston hospital radio,0
monday 26th october,0
7pm-1030pm keith chevalier,0
tuesday 27th october,0
515pm-8pm doug pott‚Ä¶ https//tco/yk6qrutkuh,0
help,0
dianadee16 latimes ucsf indeed,0
rt carterforva well usually when obama's spittin fire it ends up being a hellfire missile aimed at a hospital,1
rt favoredsinner too bad,-1
good road and other social ,1
amenities from people who can't ,0
give us noodles and su‚Ä¶,0
rt avogroovy ‚Äúthe soldiers,0
rt photopro28 99freemind jenninemorgan the facts are the hospitals have been far under capacity during covid 1000s of serious procedur‚Ä¶,0
rt rmnvhill //tw attempted murder,-1
,0
,0
,0
,0
the police gave the fascist fighting squad permission to ‚Äòtake care of the protestors‚Äô and so t‚Ä¶,-1
rt alexberenson lockdowns kill unnecessary media-driven panic kills,-4
laurie_garrett it's just the opposite hospitals are losing money people can't pay their hospital bills some of‚Ä¶ https//tco/pj9qyqkqva,-1
rt chrismattmann it‚Äôs actually a very known consequence of a particular policy choice one that many of us suggested early on would have‚Ä¶,0
colvinj i hope there are enough hospital beds in a week or so,1
rt cnni there were two thoughts pushing kolt codner forward in his first marathon race his 4-year-old son andrew's fight against cancer‚Ä¶,0
rt johnegibson hey,0
operation theatre nurse ‚Äì hospital job vacancy in¬†dubai https//tco/wg2rbm6znl,0
rt stnicholas_ng st nicholas hospital fully identify with the current situation and our sympathy is with the victims of the unfortunate‚Ä¶,0
"rt ddale8 as the president says things are going ""beautifully"" and that we're just catching mild cases because we're doing so much testin‚Ä¶",0
rt ben_johns mps shouldn‚Äôt get expenses,0
rt _lauryncalo22 all my people in the valley/la,0
rt chrismattmann it‚Äôs actually a very known consequence of a particular policy choice one that many of us suggested early on would have‚Ä¶,0
cnn say it ain‚Äôt so,0
rt miciyaaahhh i did not happen yesterday ,0
rt grizatlcp oknox it will be great comfort to the families of those who die without hospital care to know that their senators have been‚Ä¶,1
rt ben_johns mps shouldn‚Äôt get expenses,0
rt loves2golf1 repsforbiden i work in a hospital and the president is not telling the truth about this,1
rt riotwomennn thank you  finally  the american medical association tweets a message to americans ,1
physicians are not inflating the c‚Ä¶,0
rt jimlnlips this is my granpa,0
rt timothy_stanley so to treat a disease that disproportionately kills the old,-1
rt orlaithclinton at the scene of a shooting incident at the creeslough walk area of west belfast this evening,0
a man aged in his 40s ha‚Ä¶,0
rt sruhle there are some very large trump donors who sit on hospital boards,1
how do‚Ä¶,0
rt rishibagree new twitter a/c,0
only 2-3 followers,0
one tweet,0
never tagged sonu sood,0
no location mentioned,0
no contact details,0
no email addr‚Ä¶,0
rt chidiodinkalu folorunsho olabisi was listed missing following the lekkimassacre ,0
his body was found by his relatives at the mortuar‚Ä¶,0
rt sarahfromttupm lubbock's region is officially considered one with high hospitalizations,0
italy had less daily infections,-1
rt rmnvhill //tw attempted murder,-1
,0
,0
,0
,0
the police gave the fascist fighting squad permission to ‚Äòtake care of the protestors‚Äô and so t‚Ä¶,-1
rt manuelfherrador ¬øa qu√© os suena ayuso traducida al ingl√©s,0
it's a great hospital it's gonna be the greatest hospital with more tha‚Ä¶,2
rt immoralishme my 90 year old granny was sick last week but got better and was sent home from the hospital she‚Äôs still sick and went ba‚Ä¶,-1
rt scotto_voce with 5 minutes of your time to read brave slorance,1
rt jeremyswallace new federal disaster teams are now also heading for el paso this week to deal with the surge in covid-19 hospitalizati‚Ä¶,-1
rt runforvaughan respected doug ford premier of province of ontario with his message at 17th annual virtual run for vaughan,1
thank you‚Ä¶,1
was at the sandringham hospital,0
rt jed_mercurio for an understanding of respiratory droplet transmission,0
drdavidsamadi a coworker‚Äôs wife tested positive the day before she went in for a c-section she was in the hospita‚Ä¶ https//tco/kyhvxccual,1
rt betoorourke just got off the phone w a woman whose dad amp mom have covid and are at providence hospital in el paso her dad is a korea‚Ä¶,1
rt cnni there were two thoughts pushing kolt codner forward in his first marathon race his 4-year-old son andrew's fight against cancer‚Ä¶,0
rt bucksexton people are dying because of shut downs- in this case,-1
but sure,0
rt photopro28 99freemind jenninemorgan the facts are the hospitals have been far under capacity during covid 1000s of serious procedur‚Ä¶,0
"rt ddale8 as the president says things are going ""beautifully"" and that we're just catching mild cases because we're doing so much testin‚Ä¶",0
rt chidiodinkalu folorunsho olabisi was listed missing following the lekkimassacre ,0
his body was found by his relatives at the mortuar‚Ä¶,0
rt usmcliberal i wonder if the prolife maga crowd will start happily wearing facemasks ‚Äî now that there‚Äôs evidence covid19 endangers‚Ä¶,2
"the irony of living in a country where hospital visits are free is your parents saying ""nothing is happening to you‚Ä¶ https//tco/fulyvhpnso",0
rt _lauryncalo22 all my people in the valley/la,0
rt sarahfromttupm remember,0
available hospital beds 349,1
av‚Ä¶,0
rt xynar01 i just raised $500 usd for my local children‚Äôs hospital through  extralife donate today amp help me reach my goal https//t‚Ä¶,0
rt betoorourke just got off the phone w a woman whose dad amp mom have covid and are at providence hospital in el paso her dad is a korea‚Ä¶,1
anqieeb that split personality shit is weird they need to be mental hospital,-3
please read and retweet,0
joebiden i hope this is playing on every tv in every hospital waiting room in texas as they run out of icu beds,0
rt alexberenson lockdowns kill unnecessary media-driven panic kills,-4
rt betoorourke just got off the phone w a woman whose dad amp mom have covid and are at providence hospital in el paso her dad is a korea‚Ä¶,1
rt sruhle there are some very large trump donors who sit on hospital boards,1
how do‚Ä¶,0
rt truthorbare wtf,0
doctor flouts coronavirus quarantine rules to return to work at glasgow hospital days after holiday in virus hotspot‚Ä¶,0
send a card today to help make sure kids in the hospital feel some extra-special joy on halloween this year--plus,1
rt shannonrwatts the only corner we‚Äôre turning,0
rt _lauryncalo22 all my people in the valley/la,0
rt chrismattmann it‚Äôs actually a very known consequence of a particular policy choice one that many of us suggested early on would have‚Ä¶,0
rt betoorourke just got off the phone w a woman whose dad amp mom have covid and are at providence hospital in el paso her dad is a korea‚Ä¶,1
rt sruhle there are some very large trump donors who sit on hospital boards,1
how do‚Ä¶,0
rt rmnvhill //tw attempted murder,-1
,0
,0
,0
,0
the police gave the fascist fighting squad permission to ‚Äòtake care of the protestors‚Äô and so t‚Ä¶,-1
rt jonhansentv my sister-in-law is a nurse practitioner in the covid ward,0
rt sruhle there are some very large trump donors who sit on hospital boards,1
how do‚Ä¶,0
rt avogroovy ‚Äúthe soldiers,0
rt welshgasdoc imagine being as blind,-1
rt thevyraltrendz ‚Äî one of the patients who walked out of the psychiatric hospital that was looted in calabar,0
rt avogroovy ‚Äúthe soldiers,0
"rt ddale8 as the president says things are going ""beautifully"" and that we're just catching mild cases because we're doing so much testin‚Ä¶",0
rt chrismattmann it‚Äôs actually a very known consequence of a particular policy choice one that many of us suggested early on would have‚Ä¶,0
rt frasernelson at the peak of covid hospital cases,0
jangold_ ianbremmer 4xinsight how many are contagious all of them how many hospital beds and healthcare worke‚Ä¶ https//tco/lkexkoyjci,-1
rt _lauryncalo22 all my people in the valley/la,0
rt mattbc we simply do not have the hospital capacity to sustain this,0
rt _lauryncalo22 all my people in the valley/la,0
rt neelajan so as we hcws have been screaming for the whole year - the northern metro community and schools outbreak came from a ho‚Ä¶,-1
dbchirpy trump lies about covid,0
rt adammelks there is only one way forward recognizeartsakh,0
rt avogroovy ‚Äúthe soldiers,0
"rt exjon an ""unintended consequence"" some of us warned about in march monomaniacal focus on covid is a threat to public health",-2
rt manuelfherrador ¬øa qu√© os suena ayuso traducida al ingl√©s,0
it's a great hospital it's gonna be the greatest hospital with more tha‚Ä¶,2
so there's nowhere to park near the hospital at all to go get tested for covid guess i'll walk there in the pissing rain then üò≠üí¶,0
rt muzzlefreemadam i‚Äôm waiting for an appt at a public hospital in melb there are so many ways for the virus to restart it all comes do‚Ä¶,-1
rt carlosdelrio7 bhadeliamd as someone who has worked many long hours during this pandemic is a variety of roles including seeing patien‚Ä¶,2
vicgovdhhs northern metro cluster came from box hill hospital - state hospitals ü§îisn't that danandrews responsib‚Ä¶ https//tco/wsojbgbdhn,0
rt _lauryncalo22 all my people in the valley/la,0
„Ö§,0
manning a ghostly ambulance and bringing dall to the hospital,0
rt alexberenson lockdowns kill unnecessary media-driven panic kills,-4
rt _lauryncalo22 all my people in the valley/la,0
„Ö§,0
 and when people die inside their ambulance,-1
„Ö§,0
guys i usually don‚Äôt like to tweet about personal stuff but im sorry i‚Äôm in the hospital rn and my whole body hurts‚Ä¶ https//tco/cfeckma4vz,0
st nicholas hospital has denied this,-1
want to give it another shot,0
i've been putting it off,0
rt jezs thinking of people i know who work in hospitals when i read this https//tco/ijex7khqma,1
rt betoorourke just got off the phone w a woman whose dad amp mom have covid and are at providence hospital in el paso her dad is a korea‚Ä¶,1
rt washingtonpost texas tries to shore up hospital capacity in el paso as coronavirus cases surge nationwide https//tco/jumwbstvvb,0
somebody selling trains for 5$ üòÇ y‚Äôall gone be in the hospital for them fake pillsü•¥,-1
rt jaefans_global jaejoong was spotted at the funeral hall of seoul samsung hospital on 10/25,0
https//tco/pqo1bp3an4,0
kim jaejoong wh‚Ä¶,0
man in hospital as violent weather lashes queensland | the new daily https//tco/svxa2huhw2 gods throwing ice rock‚Ä¶ https//tco/x2wfb0wy2b,-1
rt sruhle there are some very large trump donors who sit on hospital boards,1
how do‚Ä¶,0
rt alexberenson lockdowns kill unnecessary media-driven panic kills,-4
rt avogroovy ‚Äúthe soldiers,0
"rt ddale8 as the president says things are going ""beautifully"" and that we're just catching mild cases because we're doing so much testin‚Ä¶",0
raytl_ traderlion_ born feb 11 in a snow storm i'm going to tell her we walked up hill both ways to the hospital haha,0
rt alexberenson lockdowns kill unnecessary media-driven panic kills,-4
oh so i guess it was a drive by trump parade and the girl in the nurses uniform was like ‚Äúwe‚Äôre in the middle of a‚Ä¶ https//tco/gdppfmakpi,2
rt betoorourke just got off the phone w a woman whose dad amp mom have covid and are at providence hospital in el paso her dad is a korea‚Ä¶,1
rt 4stronut deku when class 1-a sees him in the hospital https//tco/g6b9aseipd,0
well let's refresh your memory on a 20-20-20 now will you abducted me and force me to the hospital you know you tol‚Ä¶ https//tco/lgewboqhxt,2
rt frasernelson at the peak of covid hospital cases,0
"tuff_movie cbctoronto ""the tahsn group involved in the arbitration also includes sinai health system",0
rt theplacardguy tweet for help dated 20th october but sonu sir antaryami hain,0
"rt ddale8 as the president says things are going ""beautifully"" and that we're just catching mild cases because we're doing so much testin‚Ä¶",0
rt monjamonjamon friendly reminder https//tco/ac3epmgrg8,1
rt chidiodinkalu folorunsho olabisi was listed missing following the lekkimassacre ,0
his body was found by his relatives at the mortuar‚Ä¶,0
rt sugatradamus btsaeso blessed be the asteroid that fragmented and formed the meteor that fell on the prehistoric land decimating the a‚Ä¶,-2
rt milehighbecky it's surreal working in the er and also existing as a community member i go to work and see a hospital preparing for do‚Ä¶,2
rt welshgasdoc imagine being as blind,-1
rt granitedoc karlsteinberg ooof this patient was at my hospital,1
rt klara_sjo being popular on twitter is pretty much the same as sitting at the cool table in a mental hospital cafeteria,3
deangarnham max46023367 simondolan my home city is in tier 2,0
rt sruhle there are some very large trump donors who sit on hospital boards,1
how do‚Ä¶,0
rt dedrastone6 seekjoy67 repsforbiden tax payers paid for it in full when his cult members are sick they will haul ass to the hospital‚Ä¶,-1
rt betoorourke just got off the phone w a woman whose dad amp mom have covid and are at providence hospital in el paso her dad is a korea‚Ä¶,1
rt _lauryncalo22 all my people in the valley/la,0
rt _lauryncalo22 all my people in the valley/la,0
rt aroradrn need to get your numbers straight fraser,0
a 30 bed ward needs 3 nurses per shift,0
to increase icu capacity by 12 beds,0
rt eseoheodigene nwaokenye peace is a 22 year old daughter of an aged father diagnosed with breast cancer at the irrua specialist hospita‚Ä¶,0
fatemperor can you plot italy v ireland graphs,-1
rt _lauryncalo22 all my people in the valley/la,0
lowe074 jerrybeach73 i lived 20 minutes from action park and vernon valley ski had a season pass to both fell of‚Ä¶ https//tco/vlqbps3t14,-1
rt dangerousliber1 libertarians were told back in march that we were heartless for bringing up all the latent consequences of a lockdown,-1
rt sruhle there are some very large trump donors who sit on hospital boards,1
how do‚Ä¶,0
rt washingtonpost texas tries to shore up hospital capacity in el paso as coronavirus cases surge nationwide https//tco/jumwbstvvb,0
at the peak of covid 40% of nhs beds were empty 4 times the normal amount,0
rt schemaly never forget,0
to expand on the airplane analogy planes exchange air amp purify it to a much higher quality than ordinary ward hosp‚Ä¶ https//tco/xp2srpwzy0,1
rt _lauryncalo22 all my people in the valley/la,0
viuniversity navigatorviu friend‚Äôs daughter‚Äînot viu student‚Äî out at nanaimo bar this weekend was likely drugged‚Ä¶ https//tco/gwtqstie5d,0
rt balogunshina98 good day everyone i am passionately and urgently appealing to well meaning people who are willing to contribute to the‚Ä¶,5
‚†Ä‚†Ä,0
i despise you ,-1
¬†¬†¬†¬†¬†¬†¬†¬†¬†¬†¬†¬†¬†¬†¬†¬†¬†¬†¬†¬†¬†¬†¬†¬† ,0
¬†¬†¬† ‚†Ä‚†Ä,0
rt sisi_eko15 may his soul rest in peace ‚ù§Ô∏è,1
rt jimlnlips this is my granpa,0
rt manuelfherrador ¬øa qu√© os suena ayuso traducida al ingl√©s,0
it's a great hospital it's gonna be the greatest hospital with more tha‚Ä¶,2
rt temiokomi at this point in time,0
ignorance,-1
rt latimes monica ramirez drove herself to the er on a july afternoon she was 30 weeks pregnant and she could not breathe,0
she woke fro‚Ä¶,0
rt betoorourke just got off the phone w a woman whose dad amp mom have covid and are at providence hospital in el paso her dad is a korea‚Ä¶,1
rt saltydkdan **important**,0
alfred paperboxhouse just set up a ko-fi after being admitted to the hospital due to severe health issues‚Ä¶,-1
rt betoorourke just got off the phone w a woman whose dad amp mom have covid and are at providence hospital in el paso her dad is a korea‚Ä¶,1
rt manuelfherrador ¬øa qu√© os suena ayuso traducida al ingl√©s,0
it's a great hospital it's gonna be the greatest hospital with more tha‚Ä¶,2
rt avogroovy ‚Äúthe soldiers,0
rt jpkolb unintended hmmm ok predictable and preventable though absolutely,0
rt grizatlcp oknox it will be great comfort to the families of those who die without hospital care to know that their senators have been‚Ä¶,1
fellow of the royal college of physicians of ireland and fellow of the royal college of physicians uk consultant‚Ä¶ https//tco/oxjaubb17k,0
"rt ddale8 as the president says things are going ""beautifully"" and that we're just catching mild cases because we're doing so much testin‚Ä¶",0
derickdeci kwadwoanokye_ africafactsafz i did n lived in cameroon during many years how do u kno e got hospital‚Ä¶ https//tco/msxvhwcayl,0
rt chidiodinkalu folorunsho olabisi was listed missing following the lekkimassacre ,0
his body was found by his relatives at the mortuar‚Ä¶,0
rt stnicholas_ng st nicholas hospital fully identify with the current situation and our sympathy is with the victims of the unfortunate‚Ä¶,0
rt clubspeaks i lost my blue cross plan under obama amp joebiden my new plan went up 1000 a month lost my doctor amp hospital deductible w‚Ä¶,-2
rt sbrownsaucy5 mother and baby homes documents,0
cervical check scandal,-1
10,0
rental amp housing crisis,-1
underfunded mental‚Ä¶,0
rt whitehouse this fall,-1
addisonsuk sadly,-1
rt manuelfherrador ¬øa qu√© os suena ayuso traducida al ingl√©s,0
it's a great hospital it's gonna be the greatest hospital with more tha‚Ä¶,2
anyone that believes a known serial liar such as trump,0
rt cnni there were two thoughts pushing kolt codner forward in his first marathon race his 4-year-old son andrew's fight against cancer‚Ä¶,0
rt stnicholas_ng st nicholas hospital facilities also,0
rt jeremyswallace new federal disaster teams are now also heading for el paso this week to deal with the surge in covid-19 hospitalizati‚Ä¶,-1
rt manuelfherrador ¬øa qu√© os suena ayuso traducida al ingl√©s,0
it's a great hospital it's gonna be the greatest hospital with more tha‚Ä¶,2
rt manuelfherrador ¬øa qu√© os suena ayuso traducida al ingl√©s,0
it's a great hospital it's gonna be the greatest hospital with more tha‚Ä¶,2
rt riotwomennn thank you  finally  the american medical association tweets a message to americans ,1
physicians are not inflating the c‚Ä¶,0
rt aghamilton29 we knew this was coming delayed medical treatments and a reduction in preventative visits will lead to deaths there is‚Ä¶,0
rt mirrorbreaking_ breaking huge 14 car m40 pile-up sees 20 injured and 11 taken to hospital https//tco/kj6n0jlrha https//tco/gpuuo9f‚Ä¶,-1
rt stnicholas_ng st nicholas hospital fully identify with the current situation and our sympathy is with the victims of the unfortunate‚Ä¶,0
rt jordanmazzatv breaking 39-year-old taken to hospital with serious injuries after shooting at car wash in pawtucket  abc6 https//t‚Ä¶,-1
my grandad was diagnosed with covid today he‚Äôs currently in hospital being treated for what they thought was a che‚Ä¶ https//tco/mhufebrshd,0
rt muzzlefreemadam i‚Äôm waiting for an appt at a public hospital in melb there are so many ways for the virus to restart it all comes do‚Ä¶,-1
rt chrislu44 worth recalling how marc short,1
-advised pence not to wear a mask at the mayo clinic in violation of hospital rules,-1
-weaken‚Ä¶,0
ishakaa another receipt against chidi cc banjy47 dmightyangel,0
good evening medtwitter and especially our awesome applicants wanna know why you should train with us at medstar‚Ä¶ https//tco/jbccylrvcr,2
rt berniespofforth at the peak of covid 40% of nhs beds were empty 4 times the normal amount,0
rt ossoff another preventable and devastating rural hospital closure ,-1
i will fight to expand medicaid and deliver resources for georgia‚Ä¶,0
rt fenrir_71 who needs hospital beds when big oil's around to wet their beaks,0
northdakota pandemic,0
covid19,0
https//tco/lkqpvw3r7l,0
rt _lauryncalo22 all my people in the valley/la,0
after trump said we rounded a corner on covid,1
rt _lauryncalo22 all my people in the valley/la,0
diverse pathology and enough exposure we got you  whc is the largest tertiary hospital in washington dc,1
rt rishibagree new twitter a/c,0
only 2-3 followers,0
one tweet,0
never tagged sonu sood,0
no location mentioned,0
no contact details,0
no email addr‚Ä¶,0
prof_mason mp_latinx theskiter soonerdreams ampmtalk jet1jack ordinary1world deadacated1 dindin6‚Ä¶ https//tco/v6bhlzkhpb,0
rt bnodesk australia's hardest-hit state,0
- new cases 0,0
- pos‚Ä¶,0
rt washingtonpost texas tries to shore up hospital capacity in el paso as coronavirus cases surge nationwide https//tco/jumwbstvvb,0
rt nbcwashington tafara williams,0
rt betoorourke just got off the phone w a woman whose dad amp mom have covid and are at providence hospital in el paso her dad is a korea‚Ä¶,1
rt jimlnlips this is my granpa,0
rt riotwomennn thank you  finally  the american medical association tweets a message to americans ,1
physicians are not inflating the c‚Ä¶,0
rt jilevin texas tries to shore up hospital capacity in el paso as coronavirus cases surge nationwide https//tco/mksnbtvtig,0
these man don‚Äôt learn bruv,0
warren_hanyane master_mbao nomzamombatha neo_emmar lol newscafe,0
rt chidiodinkalu folorunsho olabisi was listed missing following the lekkimassacre ,0
his body was found by his relatives at the mortuar‚Ä¶,0
rt ladbonnie city of dreaming spires,0
remember this,0
teen iman st clair killed a cyclist with a scissor kick to the head,-1
eamonn ander‚Ä¶,0
just a glance at the infections rate and hospital admissions in scotland will show you current restrictions are hav‚Ä¶ https//tco/moj60by8db,-1
hospital is so peaceful its going home is the best part get me out of here üòÇ,2
rt dvillella converting a conventin center into a hospital doesn't sound like winning to me,2
the fact that *45 and pence are still holdi‚Ä¶,0
rt stnicholas_ng st nicholas hospital fully identify with the current situation and our sympathy is with the victims of the unfortunate‚Ä¶,0
rt manuelfherrador ¬øa qu√© os suena ayuso traducida al ingl√©s,0
it's a great hospital it's gonna be the greatest hospital with more tha‚Ä¶,2
rt justin_hart we shut down the economy to avoid the non-existent threat of hospital overruns ,-1
the results thousands and thousands of‚Ä¶,0
rt _lauryncalo22 all my people in the valley/la,0
"rt markf0879 take us out of all restrictions the whole reason for this disgraceful lock down is the ""fear"" our health service won't cope‚Ä¶",-1
rt betoorourke just got off the phone w a woman whose dad amp mom have covid and are at providence hospital in el paso her dad is a korea‚Ä¶,1
rt chloebooker wowie,0
that it escaped box hill ho‚Ä¶,0
my chorkie üêï just chewed through a packet of preworkout out and can‚Äôt stop chasing her tail üò± ,0
might be going to t‚Ä¶ https//tco/7vegpxultp,0
so you shoot them,0
rt stnicholas_ng st nicholas hospital facilities also,0
share your thoughts on christmas decorations üéÑ,0
rt chidiodinkalu folorunsho olabisi was listed missing following the lekkimassacre ,0
his body was found by his relatives at the mortuar‚Ä¶,0
rt chidiodinkalu folorunsho olabisi was listed missing following the lekkimassacre ,0
his body was found by his relatives at the mortuar‚Ä¶,0
rt latimes monica ramirez drove herself to the er on a july afternoon she was 30 weeks pregnant and she could not breathe,0
she woke fro‚Ä¶,0
rt avogroovy ‚Äúthe soldiers,0
we need more than prayers right now,1
rt vminreport please report these disgusting people being so disrespectful to t/h and his grandma,-2
x https//tco/vzplh0boqz,0
x https//t‚Ä¶,0
rt bucksexton people are dying because of shut downs- in this case,-1
but sure,0
prayers for all of you - doesn‚Äôt have to be this bad,-1
rt ria_dancel you are lying again,-1
rt jonesthebosher winter is always tough for the nhs but this year will be even tougher if increasing numbers of patients with covid need‚Ä¶,2
rt patriotmarie danscavino billstepien presssec potus realdonaldtrump laraleatrump erictrump play dr fauci,0
oh wow  and i thought it was bad on the approach from the bay bridge to ucsf hospital down by chase and giants par‚Ä¶ https//tco/6h6zex89qv,0
rt thereds8 when the star starts questioning the lockdowns,0
rt avogroovy ‚Äúthe soldiers,0
rt alexberenson lockdowns kill unnecessary media-driven panic kills,-4
rt _lauryncalo22 all my people in the valley/la,0
rt chidiodinkalu folorunsho olabisi was listed missing following the lekkimassacre ,0
his body was found by his relatives at the mortuar‚Ä¶,0
rt iam_d2a psychiatric hospital vandalised in calabar,0
rt drpenking hoodlums in calabar broke into a psychiatric hospital and freed patients ,0
so basically mad people in the streets went to fr‚Ä¶,-1
to expand on the airplane analogy planes exchange air amp purify it to a much higher quality than ordinary ward hosp‚Ä¶ https//tco/zauv6pf4ue,1
wont be active tmr bc its hospital day soo see ya on tuesday lt3 https//tco/zbhty1dnbd,0
rt stnicholas_ng st nicholas hospital fully identify with the current situation and our sympathy is with the victims of the unfortunate‚Ä¶,0
rt temiokomi at this point in time,0
rt mattbc we simply do not have the hospital capacity to sustain this,0
rt avogroovy ‚Äúthe soldiers,0
rt themendozawoman fight for the nhs with your whole chest ,0
this is what happens without it,0
rt betoorourke just got off the phone w a woman whose dad amp mom have covid and are at providence hospital in el paso her dad is a korea‚Ä¶,1
benice08 fagbenrokemzie eaa_247 lasun90 chidiodinkalu lagmetropolitan while you go take your bed at psychiatric hospital,0
rt themendozawoman fight for the nhs with your whole chest ,0
this is what happens without it,0
rt temiokomi if this story is true,0
praying a speedy recovery for your grannyvotethemallout votehimout2020 votetrumpout,2
rt chidiodinkalu folorunsho olabisi was listed missing following the lekkimassacre ,0
his body was found by his relatives at the mortuar‚Ä¶,0
rt chidiodinkalu folorunsho olabisi was listed missing following the lekkimassacre ,0
his body was found by his relatives at the mortuar‚Ä¶,0
but realdonaldtrump does not care  he has given up,0
rt aghamilton29 we knew this was coming delayed medical treatments and a reduction in preventative visits will lead to deaths there is‚Ä¶,0
rt kurteichenwald my sister received her bill for the time her husband spent in the hospital with covid,0
rt chidiodinkalu folorunsho olabisi was listed missing following the lekkimassacre ,0
his body was found by his relatives at the mortuar‚Ä¶,0
rt monjamonjamon friendly reminder https//tco/ac3epmgrg8,1
rt bucksexton people are dying because of shut downs- in this case,-1
but sure,0
rt whitehouse this fall,-1
rt betoorourke just got off the phone w a woman whose dad amp mom have covid and are at providence hospital in el paso her dad is a korea‚Ä¶,1
rt betoorourke just got off the phone w a woman whose dad amp mom have covid and are at providence hospital in el paso her dad is a korea‚Ä¶,1
next time someone pretends they can‚Äôt wear a mask,0
come lemme rearrange your womb,0
rt stnicholas_ng st nicholas hospital fully identify with the current situation and our sympathy is with the victims of the unfortunate‚Ä¶,0
rt chrismattmann it‚Äôs actually a very known consequence of a particular policy choice one that many of us suggested early on would have‚Ä¶,0
rt sruhle there are some very large trump donors who sit on hospital boards,1
how do‚Ä¶,0
rt _lauryncalo22 all my people in the valley/la,0
dejadinero picnic table in a park,0
abandoned warehouse,0
hospital,0
hood of car,0
good question,1
i hate this country so much,-1
rt miciyaaahhh i did not happen yesterday ,0
rt themendozawoman fight for the nhs with your whole chest ,0
this is what happens without it,0
rt _lauryncalo22 all my people in the valley/la,0
rt bucksexton people are dying because of shut downs- in this case,-1
but sure,0
plz let moots have watched it too so we can scream about it and why they didnt make season2 üòîüòîüòî,-1
rt bachyns ‚Äúthe guidelines should compel utahns to try harder to minimize the spread of the virus,-1
rt stnicholas_ng st nicholas hospital facilities also,0
rt _lauryncalo22 all my people in the valley/la,0
rt _lauryncalo22 all my people in the valley/la,0
"rt berniesanders last night trump attacked medicare for all as ""socialized medicine"" funny i didn't hear him complain when he received‚Ä¶",-1
rt cnn sara blackwood,0
the 39-year-old was found with a gunshot wound and‚Ä¶,-1
rt chrislu44 worth recalling how marc short,1
-advised pence not to wear a mask at the mayo clinic in violation of hospital rules,-1
-weaken‚Ä¶,0
rt _lauryncalo22 all my people in the valley/la,0
rt bnodesk france reports 52,0
- new cases 52,0
- positivity r‚Ä¶,0
rt lynnbrittney2 timothy_stanley mind you,0
rt alexberenson lockdowns kill unnecessary media-driven panic kills,-4
rt chidiodinkalu folorunsho olabisi was listed missing following the lekkimassacre ,0
his body was found by his relatives at the mortuar‚Ä¶,0
rt ruthhen05786097 douglas ross doesn't want you to know he was part of uk gov at height of the pandemic who presided over thisüëá,0
hospita‚Ä¶,0
rt rishibagree new twitter a/c,0
only 2-3 followers,0
one tweet,0
never tagged sonu sood,0
no location mentioned,0
no contact details,0
no email addr‚Ä¶,0
rt monjamonjamon friendly reminder https//tco/ac3epmgrg8,1
rt alexberenson lockdowns kill unnecessary media-driven panic kills https//tco/nbbixaazxz,-4
mask up,0
rt leovaradkar hospital overcrowding is at a record low for this time of year and has been for months we have beds free in most hospital‚Ä¶,1
rt mattbc we simply do not have the hospital capacity to sustain this,0
rt manuelfherrador ¬øa qu√© os suena ayuso traducida al ingl√©s,0
it's a great hospital it's gonna be the greatest hospital with more tha‚Ä¶,2
rt basford_h meidastouch the university of washington‚Äôs institute for health metrics and evaluation released this week and they paint a‚Ä¶,0
rt chidiodinkalu folorunsho olabisi was listed missing following the lekkimassacre ,0
his body was found by his relatives at the mortuar‚Ä¶,0
rt berniespofforth at the peak of covid 40% of nhs beds were empty 4 times the normal amount,0
the french make us look only partly french ,0
rt _drummershy_ a mlp fan and a person of lgbtqia+ was fatally shot last night in chicago on coming out day she was 39 years old heartb‚Ä¶,-1
rt nnubonnie you may already be seeing the signs in your own hospital ‚Äì‚Äì covid19 cases are surging across the country in what seems to b‚Ä¶,0
rt klara_sjo being popular on twitter is pretty much the same as sitting at the cool table in a mental hospital cafeteria,3
rt washingtonpost texas tries to shore up hospital capacity in el paso as coronavirus cases surge nationwide https//tco/jumwbstvvb,0
the only zoo i‚Äôll go to üòä,0
rt farouq_yahaya why did the twitter bird go to the hospital,0
‚Äúhe had to get tweetment‚Äú,0
olivia austin rides patient's dick at the hospital https//tco/dm4rybehej,-1
realdonaldtrump is mentally ill,0
maga ,0
rt erbmjha what's this why 25/09 instead of 25/10 ,0
1 month pichhe chal rhe ho kya sir sonusood  https//tco/8jzebfwoca,0
rt bucksexton people are dying because of shut downs- in this case,-1
but sure,0
rt _lauryncalo22 all my people in the valley/la,0
"rt rmconservative ""unintended"" https//tco/tfcvv57iw0",0
reallykazcooke is it true that kennett closed down a pandemic hospital and sold it to the private sector,0
rt sruhle there are some very large trump donors who sit on hospital boards,1
how do‚Ä¶,0
rt avogroovy ‚Äúthe soldiers,0
joeylinn_ dodger fans are some of the worst i‚Äôve come across remember a few years ago when they put that guy in t‚Ä¶ https//tco/qpaabbl2ce,0
rt chrismattmann it‚Äôs actually a very known consequence of a particular policy choice one that many of us suggested early on would have‚Ä¶,0
rt jimlnlips this is my granpa,0
at the state general hospital along with his daughterthis announcement peace mean government i all commission gover‚Ä¶ https//tco/rzrfuzrmck,1
rt washingtonpost texas tries to shore up hospital capacity in el paso as coronavirus cases surge nationwide https//tco/jumwbstvvb,0
rt jimlnlips this is my granpa,0
another evil governor who uses health care himself but would deny it to anyone else,-2
rt stnicholas_ng st nicholas hospital fully identify with the current situation and our sympathy is with the victims of the unfortunate‚Ä¶,0
a vera ver,0
rt photopro28 99freemind jenninemorgan the facts are the hospitals have been far under capacity during covid 1000s of serious procedur‚Ä¶,0
rt robertgmz5 texas,0
johncornyn  failed us,-1
tedcruz fa‚Ä¶,0
rt cp24 more police say the male victim was located suffering from multiple gunshot wounds ,-2
https//tco/utn0wssxpa,0
rt manuelfherrador ¬øa qu√© os suena ayuso traducida al ingl√©s,0
it's a great hospital it's gonna be the greatest hospital with more tha‚Ä¶,2
rt temiokomi at this point in time,0
rt libbityboo rounding the corner my fucking ass,-1
rt betoorourke just got off the phone w a woman whose dad amp mom have covid and are at providence hospital in el paso her dad is a korea‚Ä¶,1
rt photopro28 99freemind jenninemorgan the facts are the hospitals have been far under capacity during covid 1000s of serious procedur‚Ä¶,0
rt chidiodinkalu folorunsho olabisi was listed missing following the lekkimassacre ,0
his body was found by his relatives at the mortuar‚Ä¶,0
cancer surgeons in ontario are reporting a sharp rise in the number of people coming to hospital with advanced canc‚Ä¶ https//tco/gfkmaqgrbx,1
rt latimes monica ramirez drove herself to the er on a july afternoon she was 30 weeks pregnant and she could not breathe,0
she woke fro‚Ä¶,0
rt _lauryncalo22 all my people in the valley/la,0
rt hoz_books amid the hardship and poverty of 1950s liverpool,-2
rt manuelfherrador ¬øa qu√© os suena ayuso traducida al ingl√©s,0
it's a great hospital it's gonna be the greatest hospital with more tha‚Ä¶,2
rt bnodesk france reports 52,0
- new cases 52,0
- positivity r‚Ä¶,0
rt bucksexton people are dying because of shut downs- in this case,-1
but sure,0
many catch it when in hospital,0
rt ffrindimi messages from home for all hospitals in the aneurinbevanuhb area üëáüëá,0
rt bucksexton people are dying because of shut downs- in this case,-1
but sure,0
rt alexberenson lockdowns kill unnecessary media-driven panic kills,-4
wtf this is bullshit,-1
rt avogroovy ‚Äúthe soldiers,0
rt nwambulance liverpool city council‚Äôs communications team were given unprecedented access inside the royal liverpool university hospita‚Ä¶,0
rt clubspeaks i lost my blue cross plan under obama amp joebiden my new plan went up 1000 a month lost my doctor amp hospital deductible w‚Ä¶,-2
rt effjayem i had covid in may there is no question about it,0
rt alexberenson lockdowns kill unnecessary media-driven panic kills,-4
rt welshgasdoc imagine being as blind,-1
rt alexberenson lockdowns kill unnecessary media-driven panic kills,-4
i wish everyonesaying covid isn‚Äôt real,0
rt _lauryncalo22 all my people in the valley/la,0
rt theanabraga joebiden like when the cdc just came out  and said 133k people didn‚Äôt üíÄ of covid was a hospital error üò° so nope not gonn‚Ä¶,0
rt sruhle there are some very large trump donors who sit on hospital boards,1
how do‚Ä¶,0
rt chidiodinkalu folorunsho olabisi was listed missing following the lekkimassacre ,0
his body was found by his relatives at the mortuar‚Ä¶,0
rt sruhle there are some very large trump donors who sit on hospital boards,1
how do‚Ä¶,0
rt washingtonpost texas tries to shore up hospital capacity in el paso as coronavirus cases surge nationwide https//tco/jumwbstvvb,0
rt betoorourke just got off the phone w a woman whose dad amp mom have covid and are at providence hospital in el paso her dad is a korea‚Ä¶,1
rt _lauryncalo22 all my people in the valley/la,0
rt frasernelson at the peak of covid hospital cases,0
rt chidiodinkalu folorunsho olabisi was listed missing following the lekkimassacre ,0
his body was found by his relatives at the mortuar‚Ä¶,0
rt chidiodinkalu folorunsho olabisi was listed missing following the lekkimassacre ,0
his body was found by his relatives at the mortuar‚Ä¶,0
rt essexpr ‚óæÔ∏èdeaths for any cause within 28 days of a positive test,1
 = covid death,-1
‚óæÔ∏èpositive test from a procedure that can detect vira‚Ä¶,0
semperdiced if they wait till election day,0
rt _lauryncalo22 all my people in the valley/la,0
rt _lauryncalo22 all my people in the valley/la,0
"rt guttersblessing ""hospital""",0
making headway n pokemon is a classic https//tco/uc40wpgxwc,2
rt _lauryncalo22 all my people in the valley/la,0
rt ben_johns mps shouldn‚Äôt get expenses,0
rt ceraldi_carleen good morning my loveliesüíï,1
i'm on my way to the hospital to see mark and maybe let him win at crib,1
in case nobody has‚Ä¶,0
"rt ddale8 as the president says things are going ""beautifully"" and that we're just catching mild cases because we're doing so much testin‚Ä¶",0
rt photopro28 99freemind jenninemorgan the facts are the hospitals have been far under capacity during covid 1000s of serious procedur‚Ä¶,0
rt wmpolice missing | this is an urgent appeal to trace craig evans have you seen him ,0
the 35-year-old left hospital in birmingham t‚Ä¶,0
rt temiokomi st nicholas hospital has denied this,-1
want to give it another shot,0
rt kurteichenwald my sister received her bill for the time her husband spent in the hospital with covid,0
rt avogroovy ‚Äúthe soldiers,0
cleaning out the basement with my new husband and found these gems yes i‚Äôm that old illbelovingyouforever ‚Å¶‚Ä¶ https//tco/feonhh1gw2,1
rt washingtonpost texas tries to shore up hospital capacity in el paso as coronavirus cases surge nationwide https//tco/jumwbstvvb,0
rt mbk_center a hospital in altai,0
rt _lauryncalo22 all my people in the valley/la,0
rt manuelfherrador ¬øa qu√© os suena ayuso traducida al ingl√©s,0
it's a great hospital it's gonna be the greatest hospital with more tha‚Ä¶,2
rt latimes monica ramirez drove herself to the er on a july afternoon she was 30 weeks pregnant and she could not breathe,0
she woke fro‚Ä¶,0
rt manuelfherrador ¬øa qu√© os suena ayuso traducida al ingl√©s,0
it's a great hospital it's gonna be the greatest hospital with more tha‚Ä¶,2
rt stnicholas_ng st nicholas hospital fully identify with the current situation and our sympathy is with the victims of the unfortunate‚Ä¶,0
rt comradekalel i've been putting it off,0
rt saltydkdan **important**,0
alfred paperboxhouse just set up a ko-fi after being admitted to the hospital due to severe health issues‚Ä¶,-1
konkrumah 2plotd of land along the mallam gbawe road,0
rt jimlnlips this is my granpa,0
rt farouq_yahaya why did the twitter bird go to the hospital,0
‚Äúhe had to get tweetment‚Äú,0
a thread on racism in covid management in australia first,-1
rt farouq_yahaya why did the twitter bird go to the hospital,0
‚Äúhe had to get tweetment‚Äú,0
i‚Äôm so tired of my job saying ‚Äúsuper short tonight‚Äù as big as that hospital is üôÑ,-1
rt manuelfherrador ¬øa qu√© os suena ayuso traducida al ingl√©s,0
it's a great hospital it's gonna be the greatest hospital with more tha‚Ä¶,2
please pray for my daughter almost a year ago she was diagnosed with right heart failure and arterial pulmonary hy‚Ä¶ https//tco/jnwwkwlnh1,0
rt mgreenjed deeply saddened about the deaths of the two first-year students this weekend thoughts and prayers are with them,0
rt ctvcalgary calgary's covid-19 field hospital hasn't seen a single patient with the illness yyc https//tco/t58azxvvww,0
rt manuelfherrador ¬øa qu√© os suena ayuso traducida al ingl√©s,0
it's a great hospital it's gonna be the greatest hospital with more tha‚Ä¶,2
rt mirrorbreaking_ breaking huge 14 car m40 pile-up sees 20 injured and 11 taken to hospital https//tco/kj6n0jlrha https//tco/gpuuo9f‚Ä¶,-1
endsars ,0
folorunsho olabisi was listed missing following the lekkimassacre ,0
his body was found by his relative‚Ä¶ https//tco/rokwi4qjhr,0
rt bucksexton people are dying because of shut downs- in this case,-1
but sure,0
rt berniespofforth at the peak of covid 40% of nhs beds were empty 4 times the normal amount,0
rt _lauryncalo22 all my people in the valley/la,0
rt alexberenson lockdowns kill unnecessary media-driven panic kills,-4
when you ignore other views on public health because of groupthink this is the end result,-1
rt chidiodinkalu folorunsho olabisi was listed missing following the lekkimassacre ,0
his body was found by his relatives at the mortuar‚Ä¶,0
rt ben_johns mps shouldn‚Äôt get expenses,0
rt cp24 breaking a woman who was struck by a vehicle near dupont and christie streets has died in hospital,-3
https//‚Ä¶,0
rt jezs thinking of people i know who work in hospitals when i read this https//tco/ijex7khqma,1
the uk isn't far from this level - we're just shit at testing,-1
rt gacpars please please please donate and share,0
"rt exjon an ""unintended consequence"" some of us warned about in march monomaniacal focus on covid is a threat to public health",-2
carol323697211 gmpolice ü§î maybe not such an utter waste of time if one of these people infected one of your famil‚Ä¶ https//tco/4ponyhkvgv,-2
rt melaneelthomas impaired driving is,-1
peterstefanovi2 zero malnourished children have turned up in local hospital according to records maybe there is a‚Ä¶ https//tco/rmrj8j09tw,0
rt _lauryncalo22 all my people in the valley/la,0
rt kurteichenwald my sister received her bill for the time her husband spent in the hospital with covid,0
rt chidiodinkalu folorunsho olabisi was listed missing following the lekkimassacre ,0
his body was found by his relatives at the mortuar‚Ä¶,0
rt chrismattmann it‚Äôs actually a very known consequence of a particular policy choice one that many of us suggested early on would have‚Ä¶,0
rt welshgasdoc imagine being as blind,-1
rt betoorourke just got off the phone w a woman whose dad amp mom have covid and are at providence hospital in el paso her dad is a korea‚Ä¶,1
rt immoralishme my 90 year old granny was sick last week but got better and was sent home from the hospital she‚Äôs still sick and went ba‚Ä¶,-1
frasernelson a hospital bed without a nurse or a doctor is just a bed we all know how over stretched the doctors‚Ä¶ https//tco/wruboy2muh,0
i just raised $5000 usd for my local children‚Äôs hospital through  extralife donate today amp help me reach my goal https//tco/y9xtnahgwl,0
rt ktsmcelina ‚ÄºÔ∏èbreaking the el paso convention center to be turned into a auxiliary hospital during the ongoing covid-19 crisis ,-1
acco‚Ä¶,0
rt welshgasdoc imagine being as blind,-1
anyone with a significant life illness will be denied hospital admission/treatment charming,0
rt chidiodinkalu folorunsho olabisi was listed missing following the lekkimassacre ,0
his body was found by his relatives at the mortuar‚Ä¶,0
liza_bitch sectioned is when you are forced against your will into a mental health hospital and not allowed to leave,0
rt stnicholas_ng st nicholas hospital fully identify with the current situation and our sympathy is with the victims of the unfortunate‚Ä¶,0
we have to bring back respect for the spirituality of our births and endobstetricracism black mothers amp birthing‚Ä¶ https//tco/vquosderiu,1
rt berniespofforth at the peak of covid 40% of nhs beds were empty 4 times the normal amount,0
rt bucksexton people are dying because of shut downs- in this case,-1
but sure,0
rt mattbc we simply do not have the hospital capacity to sustain this,0
exactly he got the best care taxpayers could pay for,1
rt itosettimd_mba minute 1130,0
rt torontostar cancer surgeons in ontario are reporting a sharp rise in the number of people coming to hospital with advanced cancers it‚Ä¶,1
rt torontostar cancer surgeons in ontario are reporting a sharp rise in the number of people coming to hospital with advanced cancers it‚Ä¶,1
rt daddyhope 2day should be anti-corruption day,0
the crooked obadiah moyo amp other powerful people hatched a plan to loot us$60m thru drax‚Ä¶,-1
here here üëèüèºüëèüèºüëèüèºüëèüèº,0
rt hbamigboye the nation newspaper at fatai atere,0
rt afrovii i do agree on 1 thing the looting in lagos amp calabar were directed looking at the locations targeted leaves one to conclude‚Ä¶,0
rt torontostar cancer surgeons in ontario are reporting a sharp rise in the number of people coming to hospital with advanced cancers it‚Ä¶,1
i had 3 hg pregnancies but only have two children,0
rt __gershom two hilarious updates on the psychiatric hospital that was looted in calabar yesterday,1
some patients were set free by the m‚Ä¶,1
rt scottfortuna at acadia national park today,0
realdonaldtrump if they aren‚Äôt in the hospital before election day https//tco/6h7a1e03f9,0
rt betoorourke just got off the phone w a woman whose dad amp mom have covid and are at providence hospital in el paso her dad is a korea‚Ä¶,1
rt avogroovy ‚Äúthe soldiers,0
rt avogroovy ‚Äúthe soldiers,0
mikkeane35 wallmoises therealpunk natediaz209 yeah mcgregor got the win,1
rt brandiwine7777 hmmmmm another adverse side effect of covid amp it‚Äôs politics,-1
rt srf_sally breesanna we need hospitals to be the whistleblowers - not just one doctor or nurse,0
jenocracy hopefully well-timed news too i will probably have to work five hours,1
rt alexberenson lockdowns kill unnecessary media-driven panic kills https//tco/nbbixaazxz,-4
rt betoorourke just got off the phone w a woman whose dad amp mom have covid and are at providence hospital in el paso her dad is a korea‚Ä¶,1
katiephang what the hell were they made of waittttt a minute  this is like wrenches for the military or those cr‚Ä¶ https//tco/gyeuyeohwb,0
rt _lauryncalo22 all my people in the valley/la,0
rt ruthhen05786097 douglas ross doesn't want you to know he was part of uk gov at height of the pandemic who presided over thisüëá,0
hospita‚Ä¶,0
rt theplacardguy tweet for help dated 20th october but sonu sir antaryami hain,0
rt bucksexton people are dying because of shut downs- in this case,-1
but sure,0
rt _srs_14 bollywood wale sach me gadhe hi hote hai kya uneducated log hai sonu sood hamare uty ni likha hai maathe pe we clearly‚Ä¶,0
rt avogroovy ‚Äúthe soldiers,0
rt washingtonpost texas tries to shore up hospital capacity in el paso as coronavirus cases surge nationwide https//tco/jumwbstvvb,0
rt welshgasdoc imagine being as blind,-1
rt ben_johns mps shouldn‚Äôt get expenses,0
rt bucksexton people are dying because of shut downs- in this case,-1
but sure,0
rt torontostar cancer surgeons in ontario are reporting a sharp rise in the number of people coming to hospital with advanced cancers it‚Ä¶,1
rt chidiodinkalu folorunsho olabisi was listed missing following the lekkimassacre ,0
his body was found by his relatives at the mortuar‚Ä¶,0
rt rishibagree new twitter a/c,0
only 2-3 followers,0
one tweet,0
never tagged sonu sood,0
no location mentioned,0
no contact details,0
no email addr‚Ä¶,0
rt latimes monica ramirez drove herself to the er on a july afternoon she was 30 weeks pregnant and she could not breathe,0
she woke fro‚Ä¶,0
rt _lauryncalo22 all my people in the valley/la,0
rt _lauryncalo22 all my people in the valley/la,0
rt betoorourke just got off the phone w a woman whose dad amp mom have covid and are at providence hospital in el paso her dad is a korea‚Ä¶,1
rt _lauryncalo22 all my people in the valley/la,0
rt bucksexton people are dying because of shut downs- in this case,-1
but sure,0
rt clubspeaks i lost my blue cross plan under obama amp joebiden my new plan went up 1000 a month lost my doctor amp hospital deductible w‚Ä¶,-2
rt _lauryncalo22 all my people in the valley/la,0
rt _lauryncalo22 all my people in the valley/la,0
got an update from my brother that our dad had been taken from the medical center he was at to a hospital,0
rt alexberenson lockdowns kill unnecessary media-driven panic kills,-4
rt ranscombepeter peterstefanovi2 zero malnourished children have turned up in local hospital according to records maybe there is a spe‚Ä¶,0
rt hamada_najar in a heart-breaking scene,0
rt aghamilton29 we knew this was coming delayed medical treatments and a reduction in preventative visits will lead to deaths there is‚Ä¶,0
rt bucksexton people are dying because of shut downs- in this case,-1
but sure,0
rt rmnvhill //tw attempted murder,-1
,0
,0
,0
,0
the police gave the fascist fighting squad permission to ‚Äòtake care of the protestors‚Äô and so t‚Ä¶,-1
rt trumankelly most of the likes on this tweet are from bots with less than 5 followers,1
and the taxpayer is footing their wages,0
twit‚Ä¶,0
thehill a trump super spreader trump has no responsibility toward his supporters he doesn‚Äôt care if they get cov‚Ä¶ https//tco/s64j6wmk9v,3
spencermorgan93 geoffarsenal what don‚Äôt you get it‚Äôs about the nhs if 025% of the population need access to a‚Ä¶ https//tco/8fqt6rd52p,0
rt chrismattmann it‚Äôs actually a very known consequence of a particular policy choice one that many of us suggested early on would have‚Ä¶,0
"rt ddale8 as the president says things are going ""beautifully"" and that we're just catching mild cases because we're doing so much testin‚Ä¶",0
"rt ddale8 as the president says things are going ""beautifully"" and that we're just catching mild cases because we're doing so much testin‚Ä¶",0
rt alexberenson lockdowns kill unnecessary media-driven panic kills,-4
rt lindapatch essenviews who in the goddamn hell is back to rallies 6 days after getting out of the hospital with covid at 74 no less‚Ä¶,-1
rt aghamilton29 we knew this was coming delayed medical treatments and a reduction in preventative visits will lead to deaths there is‚Ä¶,0
rt eseoheodigene nwaokenye peace is a 22 year old daughter of an aged father diagnosed with breast cancer at the irrua specialist hospita‚Ä¶,0
rt ctvcalgary calgary's covid-19 field hospital hasn't seen a single patient with the illness yyc https//tco/t58azxvvww,0
rt torontostar cancer surgeons in ontario are reporting a sharp rise in the number of people coming to hospital with advanced cancers it‚Ä¶,1
rt bucksexton people are dying because of shut downs- in this case,-1
but sure,0
rt vee_ron_ica_ lesstonehouse jeff_kennett why do you think he lost in a landslide sold and privatised what he could cut public servi‚Ä¶,-1
rt johnegibson hey,0
rt chidiodinkalu folorunsho olabisi was listed missing following the lekkimassacre ,0
his body was found by his relatives at the mortuar‚Ä¶,0
rt aghamilton29 we knew this was coming delayed medical treatments and a reduction in preventative visits will lead to deaths there is‚Ä¶,0
rt chidiodinkalu folorunsho olabisi was listed missing following the lekkimassacre ,0
his body was found by his relatives at the mortuar‚Ä¶,0
rt torontostar cancer surgeons in ontario are reporting a sharp rise in the number of people coming to hospital with advanced cancers it‚Ä¶,1
rt torontostar cancer surgeons in ontario are reporting a sharp rise in the number of people coming to hospital with advanced cancers it‚Ä¶,1
rt betoorourke just got off the phone w a woman whose dad amp mom have covid and are at providence hospital in el paso her dad is a korea‚Ä¶,1
markjudy19 errolwebber late term abortions are only used in medical emergencies and usually in the hospital my s‚Ä¶ https//tco/lvxlv2ou5x,0
bates smart takes holistic approach with hospital wing https//tco/sy1kw0nmvg https//tco/wb0d9hpnjz,1
rt missuscreighton slipperyslopes6 i agree-i really don‚Äôt understand given what europe is now experiencing it‚Äôs as if we‚Äôre are fightin‚Ä¶,0
they just called at the hospital to threating me cause obviously after more than 6 times that they refuse to do t‚Ä¶ https//tco/3cdudfp26z,-1
rt chidiodinkalu folorunsho olabisi was listed missing following the lekkimassacre ,0
his body was found by his relatives at the mortuar‚Ä¶,0
rt myheromemes *on the phone*,0
aizawa why are you all not back yet,0
sero we‚Äôre at the hospital,0
aizawa why what happened,0
sero ki‚Ä¶,0
rt ossoff another preventable and devastating rural hospital closure ,-1
i will fight to expand medicaid and deliver resources for georgia‚Ä¶,0
rt mattbc we simply do not have the hospital capacity to sustain this,0
rt avogroovy ‚Äúthe soldiers,0
moscowmitch has heart disease,0
rt cathyjoegpt betoorourke üôèüôèüíôüíô,0
prayers for every american fighting for their lives against covid - ,0
prayers for all healthcare workers,0
rt stnicholas_ng st nicholas hospital fully identify with the current situation and our sympathy is with the victims of the unfortunate‚Ä¶,0
texas makes convention center a hospital amid covid surge,0
https//tco/3czd2ni2cg,0
rt _lauryncalo22 all my people in the valley/la,0
rt sruhle there are some very large trump donors who sit on hospital boards,1
how do‚Ä¶,0
approaching summer in australia as the northern hemisphere plunges into the depths of infection,-1
last night gavin was readmitted to american family's icu family and friends say his condition is as serious as it'‚Ä¶ https//tco/1rzv5eon0t,0
"rt ddale8 as the president says things are going ""beautifully"" and that we're just catching mild cases because we're doing so much testin‚Ä¶",0
rt eseoheodigene nwaokenye peace is a 22 year old daughter of an aged father diagnosed with breast cancer at the irrua specialist hospita‚Ä¶,0
rt _lauryncalo22 all my people in the valley/la,0
rt _lauryncalo22 all my people in the valley/la,0
rt jimlnlips this is my granpa,0
this is really bad news,-1
rt chidiodinkalu folorunsho olabisi was listed missing following the lekkimassacre ,0
his body was found by his relatives at the mortuar‚Ä¶,0
rt bdonorspakistan rt urgent b+ blood group required at services hospital  lahore please contact on 03219400034 spreadtheword dona‚Ä¶,-1
rt twosl0wdancers hey please help  i owe 1700 to the hospital er in bills because i tested positive for covid amp have no way to pay t‚Ä¶,1
rt themendozawoman fight for the nhs with your whole chest ,0
this is what happens without it,0
judgeyourself99 realdonaldtrump keano you are a total loon walter reed national military medical center is a mi‚Ä¶ https//tco/szxpf9zblk,0
girbagely i got off of work the other day twelve hour shift at the hospital to a text from my friend asking why‚Ä¶ https//tco/i2fxgpwuqc,1
rt nbcwashington tafara williams,0
govmlg nmdoh your policies are terrible who is getting the $$$$ for the gibson hospital you are not using  i wo‚Ä¶ https//tco/p7yxk7sfmg,-1
rt whitehouse this fall,-1
patsystew that was only for one hospital the the one she was transferred from was 400k but completely covered by insurance it‚Äôs crazy,-1
therrienv 12mjr13 kherriage ryanafournier defensive production act for ventilators hospital ships to east and‚Ä¶ https//tco/kcmidkwv5e,-1
rt bucksexton people are dying because of shut downs- in this case,-1
but sure,0
"rt eileeniorio and yet ireland has just imposed a ""level 5"" lockdown of its citizens for 6 weeks deaths are thankfully v low too ",0
why a‚Ä¶,0
rt kurteichenwald my sister received her bill for the time her husband spent in the hospital with covid,0
rt chidiodinkalu folorunsho olabisi was listed missing following the lekkimassacre ,0
his body was found by his relatives at the mortuar‚Ä¶,0
rt uressien walking into the hospital for the 13th day in a row after hearing it suggested that the rising number of covid19 cases and d‚Ä¶,0
rt stnicholas_ng st nicholas hospital fully identify with the current situation and our sympathy is with the victims of the unfortunate‚Ä¶,0
rt betoorourke just got off the phone w a woman whose dad amp mom have covid and are at providence hospital in el paso her dad is a korea‚Ä¶,1
rt riotwomennn thank you  finally  the american medical association tweets a message to americans ,1
physicians are not inflating the c‚Ä¶,0
rt stnicholas_ng st nicholas hospital fully identify with the current situation and our sympathy is with the victims of the unfortunate‚Ä¶,0
rt manuelfherrador ¬øa qu√© os suena ayuso traducida al ingl√©s,0
it's a great hospital it's gonna be the greatest hospital with more tha‚Ä¶,2
rt photopro28 99freemind jenninemorgan the facts are the hospitals have been far under capacity during covid 1000s of serious procedur‚Ä¶,0
i think the gop and especially the gop governors have shown they lack the intelligence,0
erbmjha sonusood it seems mr sonusood ,0
1 collects list  from hospital where surgeries have already been done‚Ä¶ https//tco/mkglpuec70,0
rt _lauryncalo22 all my people in the valley/la,0
my heart goes out to you and your family üò∑üíô,0
rt _lauryncalo22 all my people in the valley/la,0
go donate,0
never seen an albino obituary poster,0
drdavidsamadi the us numbers are mostly fake so the europeans being closer to communism cheat even more  my docto‚Ä¶ https//tco/ehhtwhhcas,-2
rt bhaveepatel08 a great opportunity to come and join our forward thinking paediatric pharmacy team at morriston hospital,1
rt washingtonpost texas tries to shore up hospital capacity in el paso as coronavirus cases surge nationwide https//tco/jumwbstvvb,0
rt stnicholas_ng st nicholas hospital fully identify with the current situation and our sympathy is with the victims of the unfortunate‚Ä¶,0
rt _lauryncalo22 all my people in the valley/la,0
rt immoralishme my 90 year old granny was sick last week but got better and was sent home from the hospital she‚Äôs still sick and went ba‚Ä¶,-1
rt _buckmelanoma_ angie_rasmussen hoaxeye i have family that says otherwise just in the past week an elderly relative passed w/ pneumo‚Ä¶,0
bdg_xenoxiti yeah dude,0
rt lynnluvseddie i work at a hospital and this is not true,1
rt sruhle there are some very large trump donors who sit on hospital boards,1
how do‚Ä¶,0
rt alexberenson lockdowns kill unnecessary media-driven panic kills,-4
rt frasernelson at the peak of covid hospital cases,0
luvsgoddess10 he drove in the original halloween as well after he fled the mental hospital when he stole the car‚Ä¶ https//tco/ugbc4lbtba,0
been in the hospital five days this was not the plan,0
rt houstonchron federal disaster team sent,-1
rt stnicholas_ng st nicholas hospital fully identify with the current situation and our sympathy is with the victims of the unfortunate‚Ä¶,0
rt chidiodinkalu folorunsho olabisi was listed missing following the lekkimassacre ,0
his body was found by his relatives at the mortuar‚Ä¶,0
rt melaneelthomas impaired driving is,-1
rt latimes monica ramirez drove herself to the er on a july afternoon she was 30 weeks pregnant and she could not breathe,0
she woke fro‚Ä¶,0
rt sruhle there are some very large trump donors who sit on hospital boards,1
how do‚Ä¶,0
"rt ddale8 as the president says things are going ""beautifully"" and that we're just catching mild cases because we're doing so much testin‚Ä¶",0
rt jonesthebosher winter is always tough for the nhs but this year will be even tougher if increasing numbers of patients with covid need‚Ä¶,2
rt lindapatch essenviews who in the goddamn hell is back to rallies 6 days after getting out of the hospital with covid at 74 no less‚Ä¶,-1
manuelpf05 mstang1970 guano_col chuckgrassley i know it‚Äôs hard for you to understand the difference between tes‚Ä¶ https//tco/cf4hkqibys,-1
rt senatortom2 i am going to ask this again what‚Äôs going to happen when all those hospital bills come in the mail,0
rt jed_mercurio for an understanding of respiratory droplet transmission,0
rt immoralishme my 90 year old granny was sick last week but got better and was sent home from the hospital she‚Äôs still sick and went ba‚Ä¶,-1
dictatordan,0
i hope rachel is wrong but given andrews track record she is probably on the money,-1
this will be a tota‚Ä¶ https//tco/kcgavysrdc,0
rt ingrahamangle read about the mother who couldn‚Äôt buy clothes for her child in the hospital  ‚Äúcovid in wales supermarket rules 'will‚Ä¶,0
rt chidiodinkalu folorunsho olabisi was listed missing following the lekkimassacre ,0
his body was found by his relatives at the mortuar‚Ä¶,0
rt ossoff another preventable and devastating rural hospital closure ,-1
i will fight to expand medicaid and deliver resources for georgia‚Ä¶,0
rt sruhle there are some very large trump donors who sit on hospital boards,1
how do‚Ä¶,0
rt stnicholas_ng st nicholas hospital facilities also,0
i miss the night we found out trump went to the hospital,0
rt _lauryncalo22 all my people in the valley/la,0
rt _lauryncalo22 all my people in the valley/la,0
rt chidiodinkalu folorunsho olabisi was listed missing following the lekkimassacre ,0
his body was found by his relatives at the mortuar‚Ä¶,0
rt mattbc we simply do not have the hospital capacity to sustain this https//tco/polksahcmj,0
rt jeremyswallace and in case you missed it,-1
sandygratt stupid government  what about having to buy nightwear for people in hospitalslippersunderwearit‚Äô‚Ä¶ https//tco/d70ddiqqgb,-1
rt _lauryncalo22 all my people in the valley/la,0
vinoreyna there‚Äôs an emergency pet hospital in visalia ü•∫,-1
rt schemaly never forget,0
rt _lauryncalo22 all my people in the valley/la,0
rt poetryofhobi send a card today to help make sure kids in the hospital feel some extra-special joy on halloween this year--plus,1
imallexx thank you for improving my day i‚Äôve been in hospital and i‚Äôve been having a lot of pain i go back to ho‚Ä¶ https//tco/urnuijr5ma,1
rt drericding new‚Äîtexas‚Äôs epidemic so bad now,-2
rt _lauryncalo22 all my people in the valley/la,0
rt sonusood that‚Äôs the best part brotheri find a needy amp they somehow find me it‚Äôs about,0
‚Äúintentions‚Äù,0
rt drbobphillips love the treatment flow chart neat,2
rt jamessurowiecki i thought virus was going to virus,-2
ksorbs what is there chance of spending two weeks in a hospital,0
try to think like a christian for once,1
rt jed_mercurio for an understanding of respiratory droplet transmission,0
wolfblitzer realdonaldtrump death rate and hospital rates down wolf,-1
rt manuelfherrador ¬øa qu√© os suena ayuso traducida al ingl√©s,0
it's a great hospital it's gonna be the greatest hospital with more tha‚Ä¶,2
if im ever in some kind of accident and wheeled into hospital etc,0
rt alexberenson lockdowns kill unnecessary media-driven panic kills,-4
kayleighmcenany realdonaldtrump that's a lot of people not wearing masks how many of them will get sick,-1
rt bucksexton people are dying because of shut downs- in this case,-1
but sure,0
rt _lauryncalo22 all my people in the valley/la,0
rt chidiodinkalu folorunsho olabisi was listed missing following the lekkimassacre ,0
his body was found by his relatives at the mortuar‚Ä¶,0
rt nh_india india‚Äôs first worldcup-winning cricket captain kapildev was on sunday discharged from the hospital after undergoing a succ‚Ä¶,0
rt bucksexton people are dying because of shut downs- in this case,-1
but sure,0
ask her was it worth putting hands on brizzie,1
rt bucksexton people are dying because of shut downs- in this case,-1
but sure,0
rt jimlnlips this is my granpa,0
rt clubspeaks i lost my blue cross plan under obama amp joebiden my new plan went up 1000 a month lost my doctor amp hospital deductible w‚Ä¶,-2
rt chidiodinkalu folorunsho olabisi was listed missing following the lekkimassacre ,0
his body was found by his relatives at the mortuar‚Ä¶,0
rt jimlnlips this is my granpa,0
rt anon_fa_mous biden later garnered controversy by making incorrect allegations that the truck‚Äôs driver,-3
‚Äúthere‚Äôs not a lot of downsides to keeping a person‚Äôs mouth clean what we compete against is nurses,0
jobs opportunity in des moines,0
rt rmnvhill //tw attempted murder,-1
,0
,0
,0
,0
the police gave the fascist fighting squad permission to ‚Äòtake care of the protestors‚Äô and so t‚Ä¶,-1
rt washingtonpost texas tries to shore up hospital capacity in el paso as coronavirus cases surge nationwide https//tco/jumwbstvvb,0
rt manuelfherrador ¬øa qu√© os suena ayuso traducida al ingl√©s,0
it's a great hospital it's gonna be the greatest hospital with more tha‚Ä¶,2
rt kurteichenwald my sister received her bill for the time her husband spent in the hospital with covid,0
